{
    "ModSettings": {
        "first_run": false
    },
    "GuiSettings": {
        "enable_inventory_editor_button": {
            "value": false
        },
        "enable_inventory_settings_button": {
            "value": false
        },
        "continuous_crafting_saved_value": false
    },
    "AutoRefillSettings": {
        "refill_armor": {
            "value": false
        },
        "refill_before_tool_break": {
            "value": false
        },
        "visual_durability_notification": {
            "value": false
        },
        "audio_durability_notification": {
            "value": false
        },
        "visual_replace_success_notification": {
            "value": false
        },
        "audio_replace_success_notification": {
            "value": false
        }
    },
    "Hotkeys": {
        "sort_inventory": {
            "main": {
                "keys": "BUTTON_3"
            }
        }
    }
}